timestamp,pressure,flow_rate,temperature,vibration
2025-05-29T16:36:17.510924,157.07,11.85,28.06,0.0213
2025-05-29T16:36:17.522187,159.32,11.93,29.35,0.02
2025-05-29T16:36:17.532920,146.43,12.32,34.29,0.0313
2025-05-29T16:36:17.543378,152.17,12.02,30.58,0.0233
2025-05-29T16:36:17.553648,140.11,11.98,31.33,0.0345
2025-05-29T16:36:17.563914,147.15,12.4,32.81,0.0338
2025-05-29T16:36:17.574290,154.84,12.1,27.1,0.0315
2025-05-29T16:36:17.584742,151.01,11.7,33.7,0.0307
2025-05-29T16:36:17.595309,154.23,11.71,34.65,0.0446
2025-05-29T16:36:17.606217,152.24,11.68,30.77,0.0436
2025-05-29T16:36:17.617011,141.56,11.64,31.5,0.0286
2025-05-29T16:36:17.627702,154.45,12.12,29.84,0.0363
2025-05-29T16:36:17.638115,155.56,12.39,26.13,0.0339
2025-05-29T16:36:17.648539,157.97,11.83,28.83,0.027
2025-05-29T16:36:17.659039,141.67,12.42,25.01,0.0453
2025-05-29T16:36:17.669695,142.75,12.36,28.18,0.029
2025-05-29T16:36:17.680423,147.07,11.98,29.89,0.038
2025-05-29T16:36:17.691370,140.35,12.22,28.67,0.0387
2025-05-29T16:36:17.702002,146.67,11.54,26.5,0.0245
2025-05-29T16:36:17.713895,145.83,12.29,34.53,0.0273
2025-05-29T16:36:17.725696,156.19,12.05,30.08,0.0385
2025-05-29T16:36:17.736905,145.41,11.75,27.97,0.0451
2025-05-29T16:36:17.747266,144.83,11.6,27.77,0.0353
2025-05-29T16:36:17.758255,146.15,11.56,32.79,0.0306
2025-05-29T16:36:17.768981,158.44,12.06,30.56,0.0293
2025-05-29T16:36:17.779428,157.31,12.45,30.67,0.0366
2025-05-29T16:36:17.790129,146.49,11.75,34.8,0.0431
2025-05-29T16:36:17.800897,158.49,11.69,28.34,0.0288
2025-05-29T16:36:17.811490,141.22,11.96,27.92,0.0262
2025-05-29T16:36:17.822076,147.11,11.94,25.31,0.0442
2025-05-29T16:36:17.832589,145.47,12.39,25.48,0.0364
2025-05-29T16:36:17.843911,147.48,11.66,32.77,0.0408
2025-05-29T16:36:17.860718,149.99,12.08,28.91,0.0203
2025-05-29T16:36:17.873886,144.91,11.71,33.98,0.0224
2025-05-29T16:36:17.885230,155.79,12.25,25.2,0.0213
2025-05-29T16:36:17.895971,145.85,12.3,27.99,0.0259
2025-05-29T16:36:17.906704,158.14,11.84,29.63,0.0373
2025-05-29T16:36:17.917215,154.79,12.0,26.54,0.0483
2025-05-29T16:36:17.927763,151.68,12.18,26.07,0.0382
2025-05-29T16:36:17.938039,159.55,12.37,34.38,0.0211
2025-05-29T16:36:17.948647,140.17,12.08,26.95,0.0463
2025-05-29T16:36:17.958996,155.29,12.26,26.61,0.045
2025-05-29T16:36:17.969282,143.48,11.68,29.55,0.0241
2025-05-29T16:36:17.980170,154.71,12.06,25.91,0.0449
2025-05-29T16:36:17.990958,144.88,11.81,32.0,0.0362
2025-05-29T16:36:18.001755,146.48,12.16,30.34,0.0346
2025-05-29T16:36:18.012717,142.04,12.12,25.97,0.0401
2025-05-29T16:36:18.022975,154.29,12.37,31.81,0.0337
2025-05-29T16:36:18.033778,143.34,11.57,31.62,0.0288
2025-05-29T16:36:18.044599,158.33,11.63,31.32,0.0252
2025-05-29T16:36:18.054849,143.91,12.06,31.11,0.0358
2025-05-29T16:36:18.065221,149.04,11.54,26.57,0.0495
2025-05-29T16:36:18.075839,155.97,11.99,29.56,0.0274
2025-05-29T16:36:18.086331,149.97,12.11,33.4,0.0213
2025-05-29T16:36:18.097190,155.32,11.88,29.48,0.045
2025-05-29T16:36:18.107620,159.15,12.35,30.69,0.0359
2025-05-29T16:36:18.118169,155.01,12.2,28.72,0.0409
2025-05-29T16:36:18.129121,153.75,11.94,32.95,0.0251
2025-05-29T16:36:18.139561,156.95,12.48,29.38,0.0453
2025-05-29T16:36:18.149953,150.71,11.74,27.72,0.0327
2025-05-29T16:36:18.160744,140.5,11.6,29.97,0.0433
2025-05-29T16:36:18.171324,157.21,12.35,27.85,0.0439
2025-05-29T16:36:18.181642,143.47,12.32,26.7,0.0393
2025-05-29T16:36:18.192551,154.65,11.68,28.18,0.0276
2025-05-29T16:36:18.203051,143.57,12.42,29.3,0.0371
2025-05-29T16:36:18.214075,140.85,11.63,27.94,0.04
2025-05-29T16:36:18.224964,144.66,12.12,26.99,0.039
2025-05-29T16:36:18.235134,142.34,12.25,28.6,0.0327
2025-05-29T16:36:18.246046,156.48,12.38,31.63,0.0333
2025-05-29T16:36:18.256293,156.48,12.01,29.25,0.0364
2025-05-29T16:36:18.266901,156.86,11.67,34.47,0.0493
2025-05-29T16:36:18.277299,152.71,11.51,26.3,0.0318
2025-05-29T16:36:18.287418,155.82,12.08,26.22,0.0351
2025-05-29T16:36:18.297782,145.04,11.81,26.88,0.0413
2025-05-29T16:36:18.308713,148.98,11.68,30.47,0.0465
2025-05-29T16:36:18.318945,144.89,11.85,34.51,0.026
2025-05-29T16:36:18.329214,143.6,12.43,27.7,0.0304
2025-05-29T16:36:18.339444,144.37,12.06,33.64,0.0306
2025-05-29T16:36:18.349898,151.68,12.47,30.61,0.0293
2025-05-29T16:36:18.360299,144.9,11.76,27.57,0.03
2025-05-29T16:36:18.370589,148.18,11.96,34.24,0.0337
2025-05-29T16:36:18.380770,145.67,12.49,28.96,0.0278
2025-05-29T16:36:18.391152,154.25,12.29,31.69,0.0411
2025-05-29T16:36:18.401770,142.82,12.33,30.39,0.0211
2025-05-29T16:36:18.412317,144.55,12.23,34.38,0.0333
2025-05-29T16:36:18.422735,141.28,12.01,33.96,0.0452
2025-05-29T16:36:18.433034,150.28,12.37,28.8,0.0379
2025-05-29T16:36:18.444225,158.27,11.81,26.78,0.042
2025-05-29T16:36:18.454743,155.88,11.86,32.32,0.0318
2025-05-29T16:36:18.465356,145.44,12.49,29.37,0.0209
2025-05-29T16:36:18.476503,145.16,12.08,30.38,0.0362
2025-05-29T16:36:18.487005,157.46,12.43,25.56,0.0448
2025-05-29T16:36:18.497413,143.54,12.43,34.53,0.0378
2025-05-29T16:36:18.507964,140.55,12.38,32.24,0.0457
2025-05-29T16:36:18.518499,155.2,12.0,30.32,0.0223
2025-05-29T16:36:18.529263,143.35,11.71,26.89,0.0405
2025-05-29T16:36:18.540120,156.91,12.27,34.43,0.0234
2025-05-29T16:36:18.550593,142.74,12.1,30.96,0.0311
2025-05-29T16:36:18.560801,149.96,12.13,25.37,0.0477
2025-05-29T16:36:18.570911,159.02,11.99,26.3,0.0421
2025-05-29T16:36:18.581425,155.23,11.93,26.74,0.0404
2025-05-29T16:36:18.591849,149.45,11.63,26.84,0.0418
2025-05-29T16:36:18.602411,144.23,12.42,30.21,0.0494
2025-05-29T16:36:18.613055,155.0,11.81,30.54,0.0309
2025-05-29T16:36:18.623674,141.02,12.35,29.11,0.0289
2025-05-29T16:36:18.633836,153.69,11.74,33.33,0.0272
2025-05-29T16:36:18.644204,155.72,11.9,31.67,0.0212
2025-05-29T16:36:18.654752,143.87,11.89,28.85,0.0216
2025-05-29T16:36:18.665429,153.95,12.25,27.9,0.0399
2025-05-29T16:36:18.676118,150.53,12.44,34.95,0.0275
2025-05-29T16:36:18.686527,147.05,12.05,29.48,0.0449
2025-05-29T16:36:18.696956,145.84,12.44,29.91,0.0388
2025-05-29T16:36:18.707207,153.57,12.41,29.62,0.0497
2025-05-29T16:36:18.717779,143.87,12.37,30.55,0.0464
2025-05-29T16:36:18.728392,149.09,12.42,30.31,0.0246
2025-05-29T16:36:18.738537,142.26,12.45,32.13,0.0427
2025-05-29T16:36:18.749017,153.7,12.24,30.74,0.029
2025-05-29T16:36:18.759514,140.79,11.6,30.09,0.0344
2025-05-29T16:36:18.770174,159.74,11.92,25.87,0.0388
2025-05-29T16:36:18.780726,140.69,11.89,30.19,0.0458
2025-05-29T16:36:18.791334,151.47,11.72,27.13,0.0434
2025-05-29T16:36:18.802128,144.86,12.47,33.24,0.0455
2025-05-29T16:36:18.812696,144.68,11.69,33.84,0.0446
2025-05-29T16:36:18.823567,153.73,12.39,28.19,0.0481
2025-05-29T16:36:18.834122,147.85,12.33,26.43,0.033
2025-05-29T16:36:18.844877,157.25,11.79,34.7,0.0467
2025-05-29T16:36:18.855454,148.36,11.85,30.68,0.0261
2025-05-29T16:36:18.866244,154.84,12.42,33.86,0.0253
2025-05-29T16:36:18.876834,152.6,12.42,31.46,0.0444
2025-05-29T16:36:18.887220,156.47,12.05,26.7,0.0379
2025-05-29T16:36:18.899298,151.07,12.2,31.5,0.0379
2025-05-29T16:36:18.910146,154.16,11.65,34.6,0.0472
2025-05-29T16:36:18.920855,159.04,12.25,32.38,0.037
2025-05-29T16:36:18.931396,141.17,11.97,27.05,0.0259
2025-05-29T16:36:18.942509,140.7,12.07,34.41,0.0324
2025-05-29T16:36:18.957142,143.22,12.37,26.48,0.0351
2025-05-29T16:36:18.967905,152.71,11.94,31.06,0.0317
2025-05-29T16:36:18.978498,159.25,12.41,28.26,0.0411
2025-05-29T16:36:18.989140,150.0,12.34,25.31,0.0366
2025-05-29T16:36:19.000055,158.52,11.96,30.99,0.0401
2025-05-29T16:36:19.010741,148.24,11.6,33.6,0.0307
2025-05-29T16:36:19.021257,152.79,11.66,31.19,0.0346
2025-05-29T16:36:19.032047,152.29,11.97,26.91,0.0214
2025-05-29T16:36:19.043532,151.95,12.45,32.81,0.0476
2025-05-29T16:36:19.056463,141.62,11.7,31.94,0.0282
2025-05-29T16:36:19.067263,142.81,12.45,34.1,0.038
2025-05-29T16:36:19.078174,155.81,11.59,32.67,0.0274
2025-05-29T16:36:19.088792,142.63,11.87,28.88,0.029
2025-05-29T16:36:19.099234,149.4,12.06,30.83,0.0321
2025-05-29T16:36:19.109879,151.36,11.82,31.44,0.0371
2025-05-29T16:36:19.120942,143.91,11.8,28.69,0.0312
2025-05-29T16:36:19.131497,150.3,12.22,32.25,0.0418
2025-05-29T16:36:19.142459,140.53,12.14,30.0,0.035
2025-05-29T16:36:19.156571,143.08,11.69,31.24,0.0324
2025-05-29T16:36:19.167282,153.92,12.35,26.19,0.0425
2025-05-29T16:36:19.178133,146.6,12.29,25.54,0.0237
2025-05-29T16:36:19.188623,143.06,11.95,29.7,0.0348
2025-05-29T16:36:19.199097,142.64,11.74,27.14,0.038
2025-05-29T16:36:19.209927,151.38,12.46,32.93,0.0289
2025-05-29T16:36:19.220780,145.71,11.52,31.39,0.0398
2025-05-29T16:36:19.231456,145.76,12.42,29.89,0.0227
2025-05-29T16:36:19.242946,140.88,11.7,34.28,0.035
2025-05-29T16:36:19.256580,159.67,11.87,30.87,0.0411
2025-05-29T16:36:19.267099,158.9,12.49,29.63,0.0254
2025-05-29T16:36:19.277945,156.14,11.83,30.81,0.0418
2025-05-29T16:36:19.288955,151.92,12.09,25.09,0.0368
2025-05-29T16:36:19.299636,151.43,11.9,33.42,0.0273
2025-05-29T16:36:19.313625,151.77,11.9,25.64,0.0494
2025-05-29T16:36:19.326584,159.94,12.38,33.23,0.04
2025-05-29T16:36:19.337373,159.77,11.61,26.97,0.0221
2025-05-29T16:36:19.348027,159.73,12.38,33.85,0.03
2025-05-29T16:36:19.360141,155.6,12.25,26.94,0.0408
2025-05-29T16:36:19.371260,158.37,12.17,32.2,0.0325
2025-05-29T16:36:19.381612,154.43,12.34,34.91,0.0455
2025-05-29T16:36:19.392158,150.68,12.22,26.28,0.0499
2025-05-29T16:36:19.402988,141.71,12.01,32.27,0.0363
2025-05-29T16:36:19.415998,140.92,11.96,26.48,0.0225
2025-05-29T16:36:19.427186,151.17,12.37,32.99,0.0251
2025-05-29T16:36:19.437838,145.39,12.01,26.07,0.0234
2025-05-29T16:36:19.448293,140.03,11.57,27.29,0.0303
2025-05-29T16:36:19.459340,158.98,12.47,32.62,0.0465
2025-05-29T16:36:19.470245,141.18,11.63,25.37,0.0366
2025-05-29T16:36:19.480762,156.16,11.67,26.29,0.0311
2025-05-29T16:36:19.491987,140.25,11.76,28.48,0.0485
2025-05-29T16:36:19.502882,152.92,11.92,30.6,0.0281
2025-05-29T16:36:19.513388,156.18,11.95,32.66,0.0289
2025-05-29T16:36:19.524520,148.46,11.5,32.3,0.0267
2025-05-29T16:36:19.535564,141.51,11.91,27.95,0.0373
2025-05-29T16:36:19.546280,156.32,11.73,26.12,0.0423
2025-05-29T16:36:19.557153,142.68,12.33,28.22,0.0343
2025-05-29T16:36:19.568092,144.51,11.76,34.35,0.0455
2025-05-29T16:36:19.578929,141.35,12.47,32.57,0.0471
2025-05-29T16:36:19.589515,143.35,11.54,26.09,0.0213
2025-05-29T16:36:19.600069,156.49,12.36,33.36,0.0241
2025-05-29T16:36:19.610652,143.71,12.25,34.84,0.037
2025-05-29T16:36:19.621622,140.78,12.35,33.39,0.0281
2025-05-29T16:36:19.632233,143.08,12.33,33.34,0.034
2025-05-29T16:36:19.642747,158.02,12.03,31.38,0.0441
2025-05-29T16:36:19.655714,153.82,11.61,30.27,0.0245
2025-05-29T16:36:19.666783,152.93,12.12,32.2,0.0487
2025-05-29T16:36:19.677136,142.76,12.45,31.65,0.0369
2025-05-29T16:36:19.688084,158.96,12.49,32.11,0.0448
2025-05-29T16:36:19.698964,157.77,11.52,27.61,0.0284
2025-05-29T16:36:19.709850,149.52,11.97,28.36,0.023
2025-05-29T16:36:19.720363,157.31,12.36,30.89,0.0241
2025-05-29T16:36:19.731089,151.68,11.52,30.42,0.035
2025-05-29T16:36:19.742003,149.07,12.14,33.06,0.0262
2025-05-29T16:36:19.752538,145.72,11.9,34.19,0.025
2025-05-29T16:36:19.765910,149.5,11.8,33.62,0.0373
2025-05-29T16:36:19.777199,150.06,12.1,32.72,0.0298
2025-05-29T16:36:19.788376,149.35,12.07,33.67,0.0267
2025-05-29T16:36:19.798967,154.69,12.07,32.38,0.0476
2025-05-29T16:36:19.809477,154.18,11.52,28.93,0.0373
2025-05-29T16:36:19.820486,156.08,11.79,25.79,0.0381
2025-05-29T16:36:19.831249,144.61,11.86,28.68,0.0227
2025-05-29T16:36:19.841602,148.2,11.68,27.38,0.0451
2025-05-29T16:36:19.852669,149.41,11.8,33.22,0.043
2025-05-29T16:36:19.863694,144.14,12.35,30.79,0.0351
2025-05-29T16:36:19.875841,154.93,12.38,25.35,0.042
2025-05-29T16:36:19.887017,149.85,12.11,32.47,0.0359
2025-05-29T16:36:19.897771,143.25,11.83,31.23,0.0208
2025-05-29T16:36:19.909448,155.71,12.28,33.72,0.0205
2025-05-29T16:36:19.920166,143.25,12.1,31.42,0.0495
2025-05-29T16:36:19.930435,142.27,12.04,29.63,0.045
2025-05-29T16:36:19.941018,153.54,11.93,28.74,0.0382
2025-05-29T16:36:19.951554,149.01,12.09,25.93,0.0416
2025-05-29T16:36:19.962360,144.33,12.05,30.59,0.0241
2025-05-29T16:36:19.973266,141.66,12.43,29.59,0.0411
2025-05-29T16:36:19.985822,156.64,12.09,32.67,0.0407
2025-05-29T16:36:19.996561,158.7,11.58,33.95,0.0463
2025-05-29T16:36:20.007311,153.36,12.25,33.33,0.0264
2025-05-29T16:36:20.017909,158.37,12.26,30.12,0.0318
2025-05-29T16:36:20.028549,145.43,11.56,28.71,0.0473
2025-05-29T16:36:20.039773,156.82,11.76,29.44,0.0294
2025-05-29T16:36:20.050228,156.51,12.36,29.46,0.0318
2025-05-29T16:36:20.060780,147.58,12.13,27.5,0.0265
2025-05-29T16:36:20.071905,144.87,11.61,34.16,0.0277
2025-05-29T16:36:20.082497,159.15,11.52,26.63,0.0455
2025-05-29T16:36:20.093149,157.64,11.98,25.08,0.0241
2025-05-29T16:36:20.103795,152.62,11.82,32.2,0.0288
2025-05-29T16:36:20.115731,148.32,11.67,29.4,0.0427
2025-05-29T16:36:20.126618,150.49,12.22,26.18,0.0339
2025-05-29T16:36:20.137356,148.28,12.32,25.42,0.02
2025-05-29T16:36:20.148131,143.81,11.86,33.35,0.0307
2025-05-29T16:36:20.158823,157.87,12.05,25.27,0.0287
2025-05-29T16:36:20.169249,140.07,12.15,26.71,0.0351
2025-05-29T16:36:20.179868,146.5,11.92,25.07,0.0365
2025-05-29T16:36:20.190447,141.73,12.3,27.29,0.045
2025-05-29T16:36:20.200943,148.31,11.6,30.74,0.0312
2025-05-29T16:36:20.211551,147.26,11.71,34.43,0.0497
2025-05-29T16:36:20.221944,143.3,12.32,30.84,0.0399
2025-05-29T16:36:20.232598,150.9,12.0,25.25,0.0496
2025-05-29T16:36:20.243418,148.5,12.2,25.95,0.0326
2025-05-29T16:36:20.255818,144.21,11.73,29.56,0.0315
2025-05-29T16:36:20.267191,149.73,11.67,25.85,0.0466
2025-05-29T16:36:20.278057,155.31,12.39,29.7,0.0383
2025-05-29T16:36:20.288927,152.21,11.85,27.67,0.0466
2025-05-29T16:36:20.299398,141.76,11.51,30.3,0.0449
2025-05-29T16:36:20.310242,145.55,11.93,26.26,0.0471
2025-05-29T16:36:20.320748,154.15,11.83,33.96,0.0459
2025-05-29T16:36:20.332516,158.38,12.04,28.79,0.0478
2025-05-29T16:36:20.342802,143.08,12.31,28.96,0.0466
2025-05-29T16:36:20.353695,150.94,12.26,29.22,0.0375
2025-05-29T16:36:20.364369,158.38,11.59,28.55,0.0389
2025-05-29T16:36:20.374865,159.01,12.31,29.88,0.0384
2025-05-29T16:36:20.385375,144.18,12.36,34.95,0.0371
2025-05-29T16:36:20.395665,154.19,11.61,28.17,0.026
2025-05-29T16:36:20.406342,158.43,12.01,27.98,0.0343
2025-05-29T16:36:20.416873,149.22,11.85,26.9,0.0417
2025-05-29T16:36:20.427769,157.41,12.04,26.14,0.0359
2025-05-29T16:36:20.438109,145.37,12.03,32.61,0.0334
2025-05-29T16:36:20.448775,150.72,11.55,32.13,0.0306
2025-05-29T16:36:20.458883,153.0,12.19,31.68,0.0351
2025-05-29T16:36:20.469470,153.43,12.06,34.45,0.0291
2025-05-29T16:36:20.479878,158.77,12.12,32.71,0.0264
2025-05-29T16:36:20.491109,142.34,11.72,32.84,0.0476
2025-05-29T16:36:20.501951,148.51,11.78,32.11,0.0321
2025-05-29T16:36:20.512394,142.39,12.15,31.58,0.0473
2025-05-29T16:36:20.524097,145.63,11.54,29.39,0.028
2025-05-29T16:36:20.535030,155.47,11.67,32.99,0.0283
2025-05-29T16:36:20.545923,159.94,11.72,30.35,0.0399
2025-05-29T16:36:20.556867,155.6,12.09,30.99,0.0285
2025-05-29T16:36:20.567324,159.36,12.01,27.81,0.0446
2025-05-29T16:36:20.578126,143.5,11.79,32.69,0.0264
2025-05-29T16:36:20.588727,148.41,11.54,28.11,0.0297
2025-05-29T16:36:20.599365,153.6,11.92,26.72,0.0255
2025-05-29T16:36:20.610116,158.42,12.24,34.9,0.0293
2025-05-29T16:36:20.621457,142.67,12.14,30.21,0.0374
2025-05-29T16:36:20.632407,154.59,11.77,25.41,0.0372
2025-05-29T16:36:20.642774,141.01,12.49,25.88,0.0448
2025-05-29T16:36:20.653574,151.13,11.68,27.51,0.0413
2025-05-29T16:36:20.664761,159.97,12.27,34.1,0.0241
2025-05-29T16:36:20.675932,156.59,12.38,30.59,0.0428
2025-05-29T16:36:20.686722,153.85,12.22,30.74,0.0493
2025-05-29T16:36:20.697668,144.84,11.53,28.23,0.0446
2025-05-29T16:36:20.708315,155.77,12.45,25.44,0.0258
2025-05-29T16:36:20.719080,151.83,11.87,31.79,0.0272
2025-05-29T16:36:20.729720,149.16,11.92,34.86,0.0216
2025-05-29T16:36:20.740271,150.98,12.21,26.07,0.035
2025-05-29T16:36:20.750940,152.49,12.45,33.66,0.0335
2025-05-29T16:36:20.761393,156.51,12.17,27.41,0.0487
2025-05-29T16:36:20.772406,150.35,11.76,32.54,0.0249
2025-05-29T16:36:20.783281,149.0,12.21,32.84,0.0244
2025-05-29T16:36:20.794285,154.22,11.78,33.79,0.0453
2025-05-29T16:36:20.805125,146.19,12.34,28.51,0.0429
2025-05-29T16:36:20.817862,153.16,11.99,34.99,0.0344
2025-05-29T16:36:20.828588,152.03,11.57,27.92,0.0407
2025-05-29T16:36:20.843154,149.71,11.88,32.5,0.0239
2025-05-29T16:36:20.856294,146.23,12.11,34.78,0.0318
2025-05-29T16:36:20.867551,147.47,12.08,32.43,0.0481
2025-05-29T16:36:20.878329,159.03,12.12,28.43,0.0226
2025-05-29T16:36:20.888920,158.71,11.95,33.45,0.0332
2025-05-29T16:36:20.900078,150.89,12.11,26.38,0.0478
2025-05-29T16:36:20.910769,148.61,11.6,26.63,0.0314
2025-05-29T16:36:20.921423,149.78,11.91,28.65,0.0284
2025-05-29T16:36:20.934876,152.33,11.88,31.2,0.0384
2025-05-29T16:36:20.945593,157.28,11.62,30.38,0.026
2025-05-29T16:36:20.956287,149.78,11.91,34.84,0.0441
2025-05-29T16:36:20.966896,141.31,12.34,27.54,0.0475
2025-05-29T16:36:20.977291,149.85,11.98,31.39,0.0223
2025-05-29T16:36:20.987766,153.16,12.47,29.74,0.0443
2025-05-29T16:36:20.998606,140.06,11.68,32.16,0.035
2025-05-29T16:36:21.009440,146.3,11.82,31.97,0.0269
2025-05-29T16:36:21.020072,158.52,12.04,26.24,0.023
2025-05-29T16:36:21.030465,149.7,12.07,31.29,0.0262
2025-05-29T16:36:21.041204,145.56,11.9,28.54,0.0239
2025-05-29T16:36:21.051812,150.11,11.89,33.83,0.0277
2025-05-29T16:36:21.062595,153.88,12.22,26.78,0.0387
2025-05-29T16:36:21.076535,157.97,11.93,31.68,0.0497
2025-05-29T16:36:21.087700,141.28,12.14,29.05,0.0378
2025-05-29T16:36:21.098472,159.13,11.9,28.84,0.0366
2025-05-29T16:36:21.108897,149.73,12.06,27.64,0.0258
2025-05-29T16:36:21.119711,157.12,12.48,26.97,0.0413
2025-05-29T16:36:21.130274,149.38,11.73,32.59,0.0384
2025-05-29T16:36:21.140935,152.77,11.7,30.47,0.0427
2025-05-29T16:36:21.151577,142.07,11.9,25.15,0.0325
2025-05-29T16:36:21.162631,153.84,11.89,33.92,0.0365
2025-05-29T16:36:21.173613,152.09,11.99,32.4,0.0387
2025-05-29T16:36:21.184598,158.02,12.37,28.42,0.0489
2025-05-29T16:36:21.195221,156.47,11.83,32.82,0.0282
2025-05-29T16:36:21.205657,159.83,11.63,26.36,0.0381
2025-05-29T16:36:21.216239,158.05,12.16,34.7,0.0257
2025-05-29T16:36:21.226692,145.28,12.14,34.31,0.0313
2025-05-29T16:36:21.237174,140.72,12.07,33.62,0.0316
2025-05-29T16:36:21.248192,147.93,11.77,27.48,0.0381
2025-05-29T16:36:21.258789,158.39,12.17,28.7,0.0405
2025-05-29T16:36:21.269348,141.31,11.83,27.05,0.0408
2025-05-29T16:36:21.279844,145.75,11.89,34.73,0.0266
2025-05-29T16:36:21.290575,152.11,11.57,29.64,0.0387
2025-05-29T16:36:21.301188,140.62,11.89,32.29,0.0341
2025-05-29T16:36:21.312070,147.93,12.41,26.07,0.0414
2025-05-29T16:36:21.323076,151.26,11.86,33.99,0.0294
2025-05-29T16:36:21.334053,141.82,11.56,30.92,0.0308
2025-05-29T16:36:21.346003,142.49,11.67,32.92,0.0217
2025-05-29T16:36:21.357096,159.68,12.25,27.42,0.0397
2025-05-29T16:36:21.367789,141.18,11.58,28.29,0.0313
2025-05-29T16:36:21.378287,144.29,11.92,28.87,0.0314
2025-05-29T16:36:21.388653,144.51,12.06,32.34,0.0342
2025-05-29T16:36:21.399245,145.9,12.4,25.57,0.045
2025-05-29T16:36:21.409980,149.34,12.24,32.14,0.0299
2025-05-29T16:36:21.420793,148.13,12.45,30.3,0.0357
2025-05-29T16:36:21.431476,148.27,11.92,32.53,0.0411
2025-05-29T16:36:21.444085,144.84,11.52,28.46,0.0305
2025-05-29T16:36:21.454821,158.66,11.81,29.35,0.043
2025-05-29T16:36:21.467046,143.83,11.84,33.24,0.0417
2025-05-29T16:36:21.477806,147.0,11.81,29.55,0.0468
2025-05-29T16:36:21.488223,154.03,11.97,29.74,0.0202
2025-05-29T16:36:21.498661,151.5,12.47,30.95,0.0214
2025-05-29T16:36:21.509696,143.79,11.62,30.76,0.0244
2025-05-29T16:36:21.520190,152.06,12.4,33.81,0.0498
2025-05-29T16:36:21.531003,155.26,12.1,28.81,0.0377
2025-05-29T16:36:21.541576,142.26,11.91,28.57,0.0481
2025-05-29T16:36:21.552022,153.83,11.99,34.94,0.0295
2025-05-29T16:36:21.562661,141.42,12.01,26.31,0.0358
2025-05-29T16:36:21.573450,144.51,12.25,33.07,0.0211
2025-05-29T16:36:21.584084,141.47,12.22,28.73,0.0349
2025-05-29T16:36:21.594731,154.47,12.47,27.11,0.0256
2025-05-29T16:36:21.605711,145.17,12.31,26.95,0.0289
2025-05-29T16:36:21.616596,146.43,12.18,31.59,0.0297
2025-05-29T16:36:21.627229,143.72,12.43,28.86,0.0237
2025-05-29T16:36:21.638148,153.0,12.35,29.05,0.0406
2025-05-29T16:36:21.648938,144.96,12.17,26.27,0.0331
2025-05-29T16:36:21.659317,146.72,12.21,32.1,0.0307
2025-05-29T16:36:21.669873,141.93,11.76,27.03,0.0297
2025-05-29T16:36:21.680714,140.75,11.98,25.61,0.042
2025-05-29T16:36:21.691325,149.55,11.67,32.41,0.0271
2025-05-29T16:36:21.702197,144.75,11.61,28.83,0.0392
2025-05-29T16:36:21.716082,141.48,12.33,30.28,0.0426
2025-05-29T16:36:21.727065,159.18,11.93,25.47,0.0459
2025-05-29T16:36:21.737464,152.74,12.34,30.84,0.0393
2025-05-29T16:36:21.748152,155.19,11.96,33.51,0.0239
2025-05-29T16:36:21.758870,146.1,11.94,30.06,0.0282
2025-05-29T16:36:21.769423,141.0,12.35,30.69,0.0498
2025-05-29T16:36:21.780068,155.29,12.11,28.25,0.0298
2025-05-29T16:36:21.791752,149.44,12.18,28.48,0.049
2025-05-29T16:36:21.804930,158.76,11.63,28.86,0.0347
2025-05-29T16:36:21.815918,145.59,12.3,30.31,0.0399
2025-05-29T16:36:21.832117,151.07,12.0,32.39,0.0406
2025-05-29T16:36:21.842919,143.13,12.13,27.8,0.0329
2025-05-29T16:36:21.854464,147.9,11.92,25.83,0.0341
2025-05-29T16:36:21.866392,140.2,12.48,34.36,0.0398
2025-05-29T16:36:21.877513,140.92,11.73,31.3,0.0405
2025-05-29T16:36:21.889768,143.12,11.78,34.44,0.0224
2025-05-29T16:36:21.900212,153.55,11.85,30.56,0.0221
2025-05-29T16:36:21.912360,145.79,12.36,25.01,0.0296
2025-05-29T16:36:21.923374,152.92,11.89,32.09,0.0308
2025-05-29T16:36:21.936619,147.45,11.85,29.51,0.0291
2025-05-29T16:36:21.947012,155.28,12.49,29.12,0.0293
2025-05-29T16:36:21.957503,155.41,12.28,28.36,0.0377
2025-05-29T16:36:21.968471,156.44,12.42,25.49,0.0245
2025-05-29T16:36:21.979331,152.7,12.49,32.86,0.0369
2025-05-29T16:36:21.990045,141.58,12.34,34.49,0.0448
2025-05-29T16:36:22.001352,150.14,11.71,29.47,0.0277
2025-05-29T16:36:22.012270,158.75,12.27,33.46,0.0204
2025-05-29T16:36:22.023063,158.99,11.77,31.84,0.0431
2025-05-29T16:36:22.033899,148.46,11.65,29.69,0.0232
2025-05-29T16:36:22.044492,140.53,12.23,31.27,0.0348
2025-05-29T16:36:22.055415,141.87,11.82,30.21,0.0232
2025-05-29T16:36:22.066265,147.09,11.78,30.65,0.032
2025-05-29T16:36:22.077132,140.63,11.85,27.11,0.0278
2025-05-29T16:36:22.087951,148.33,12.03,30.57,0.0389
2025-05-29T16:36:22.098667,153.77,11.98,27.93,0.0468
2025-05-29T16:36:22.109810,140.68,12.23,27.12,0.0434
2025-05-29T16:36:22.120248,144.84,12.01,25.73,0.0257
2025-05-29T16:36:22.130645,159.47,12.04,27.32,0.0497
2025-05-29T16:36:22.141869,140.82,12.44,27.58,0.0418
2025-05-29T16:36:22.152324,143.91,12.46,25.41,0.0266
2025-05-29T16:36:22.162973,152.32,11.6,25.04,0.0438
2025-05-29T16:36:22.176529,154.61,11.86,29.84,0.0238
2025-05-29T16:36:22.187207,143.08,11.8,28.81,0.0477
2025-05-29T16:36:22.197703,147.02,11.54,30.15,0.0428
2025-05-29T16:36:22.208263,146.13,11.99,26.99,0.0288
2025-05-29T16:36:22.218801,159.87,11.85,34.75,0.0239
2025-05-29T16:36:22.229579,140.69,12.03,25.96,0.0241
2025-05-29T16:36:22.240214,159.47,11.81,30.7,0.0317
2025-05-29T16:36:22.250659,142.19,12.48,30.79,0.0496
2025-05-29T16:36:22.261589,143.45,11.54,27.33,0.0256
2025-05-29T16:36:22.272628,154.35,12.22,29.06,0.0307
2025-05-29T16:36:22.286881,149.26,12.34,33.97,0.024
2025-05-29T16:36:22.297501,147.75,11.72,34.97,0.0268
2025-05-29T16:36:22.308329,153.38,11.76,27.73,0.0369
2025-05-29T16:36:22.319257,154.89,11.65,33.66,0.0328
2025-05-29T16:36:22.330048,156.27,12.48,32.07,0.0498
2025-05-29T16:36:22.340675,141.92,11.6,32.85,0.0343
2025-05-29T16:36:22.351135,142.07,12.49,31.18,0.0422
2025-05-29T16:36:22.362133,155.68,12.42,32.55,0.0217
2025-05-29T16:36:22.375531,148.28,12.04,31.29,0.0233
2025-05-29T16:36:22.387113,154.39,12.47,27.49,0.0434
2025-05-29T16:36:22.398084,148.15,11.72,31.05,0.0208
2025-05-29T16:36:22.408763,156.35,11.73,27.54,0.0207
2025-05-29T16:36:22.419426,150.89,12.45,29.07,0.0273
2025-05-29T16:36:22.429973,152.53,12.27,31.58,0.026
2025-05-29T16:36:22.440516,148.95,12.04,27.28,0.0472
2025-05-29T16:36:22.452600,159.11,11.57,33.06,0.0406
2025-05-29T16:36:22.466213,146.25,11.62,28.66,0.0346
2025-05-29T16:36:22.477339,154.66,11.65,27.71,0.0494
2025-05-29T16:36:22.487855,153.82,12.13,27.94,0.0375
2025-05-29T16:36:22.498941,153.26,11.83,33.47,0.0394
2025-05-29T16:36:22.509630,149.97,11.9,32.28,0.0493
2025-05-29T16:36:22.520313,159.09,12.01,25.15,0.0227
2025-05-29T16:36:22.531420,141.0,11.96,33.29,0.0367
2025-05-29T16:36:22.542329,158.89,12.29,28.9,0.0424
2025-05-29T16:36:22.553356,154.99,12.45,30.23,0.0248
2025-05-29T16:36:22.564137,154.67,11.73,32.52,0.0222
2025-05-29T16:36:22.574767,140.61,11.7,29.52,0.0213
2025-05-29T16:36:22.585739,154.03,12.45,28.27,0.0225
2025-05-29T16:36:22.596671,154.54,12.34,25.14,0.0355
2025-05-29T16:36:22.607699,157.37,11.61,30.59,0.0225
2025-05-29T16:36:22.618515,158.89,12.02,34.15,0.023
2025-05-29T16:36:22.629201,153.41,11.58,31.88,0.0421
2025-05-29T16:36:22.640022,154.97,12.29,31.39,0.0467
2025-05-29T16:36:22.650774,148.26,11.65,31.11,0.0228
2025-05-29T16:36:22.661401,142.29,11.83,32.36,0.0294
2025-05-29T16:36:22.672445,144.45,11.88,25.23,0.0448
2025-05-29T16:36:22.684386,144.58,11.79,26.25,0.0305
2025-05-29T16:36:22.695768,156.63,12.48,30.34,0.0222
2025-05-29T16:36:22.707006,141.57,11.69,26.14,0.0254
2025-05-29T16:36:22.717603,151.25,11.66,30.06,0.0326
2025-05-29T16:36:22.728007,145.6,12.47,28.41,0.0452
2025-05-29T16:36:22.738408,156.13,11.53,31.81,0.0254
2025-05-29T16:36:22.749110,154.66,11.79,33.4,0.0384
2025-05-29T16:36:22.759792,151.12,12.38,32.41,0.0389
2025-05-29T16:36:22.770075,144.96,11.9,28.73,0.032
2025-05-29T16:36:22.780803,146.75,11.85,25.15,0.0455
2025-05-29T16:36:22.791699,152.0,11.81,31.61,0.0386
2025-05-29T16:36:22.802476,140.49,12.09,28.04,0.047
2025-05-29T16:36:22.813297,159.27,11.55,30.9,0.0346
2025-05-29T16:36:22.825729,155.91,12.06,30.63,0.0298
2025-05-29T16:36:22.836704,147.02,12.07,28.89,0.0424
2025-05-29T16:36:22.847515,159.05,12.04,28.83,0.037
2025-05-29T16:36:22.858935,155.73,11.82,31.47,0.0396
2025-05-29T16:36:22.869479,147.68,12.42,30.51,0.0385
2025-05-29T16:36:22.880139,149.13,12.05,33.3,0.0231
2025-05-29T16:36:22.890851,153.51,11.64,30.31,0.0333
2025-05-29T16:36:22.901450,146.77,12.34,33.48,0.0254
2025-05-29T16:36:22.912248,149.67,12.07,30.53,0.0298
2025-05-29T16:36:22.922986,142.75,12.26,26.86,0.0391
2025-05-29T16:36:22.935646,159.48,12.05,29.43,0.0268
2025-05-29T16:36:22.946690,143.05,11.67,25.02,0.0375
2025-05-29T16:36:22.957670,158.91,12.32,25.37,0.0402
2025-05-29T16:36:22.968005,149.84,11.55,29.27,0.0368
2025-05-29T16:36:22.978796,157.75,12.0,28.48,0.0259
2025-05-29T16:36:22.989395,158.31,12.36,31.08,0.0289
2025-05-29T16:36:23.000045,155.2,11.72,28.94,0.0208
2025-05-29T16:36:23.010750,145.94,12.42,34.81,0.0204
2025-05-29T16:36:23.021813,143.69,11.82,32.24,0.0344
2025-05-29T16:36:23.032441,141.21,11.54,27.82,0.0432
2025-05-29T16:36:23.043281,152.99,12.02,26.98,0.0235
2025-05-29T16:36:23.056798,155.81,12.14,25.14,0.0258
2025-05-29T16:36:23.067869,146.97,11.72,32.57,0.0456
2025-05-29T16:36:23.078675,145.62,11.69,34.34,0.0342
2025-05-29T16:36:23.089357,156.18,12.04,29.74,0.0395
2025-05-29T16:36:23.099956,141.62,12.14,32.49,0.0242
2025-05-29T16:36:23.110541,145.23,11.8,31.74,0.0341
2025-05-29T16:36:23.121454,152.76,12.07,29.5,0.0218
2025-05-29T16:36:23.132221,145.98,12.15,32.41,0.0459
2025-05-29T16:36:23.147532,148.53,11.82,26.81,0.0311
2025-05-29T16:36:23.158093,153.4,12.41,33.21,0.037
2025-05-29T16:36:23.168755,150.2,12.24,33.69,0.0236
2025-05-29T16:36:23.179452,142.24,11.52,28.46,0.0275
2025-05-29T16:36:23.189802,156.97,12.06,29.08,0.0268
2025-05-29T16:36:23.200434,151.17,11.62,26.42,0.0277
2025-05-29T16:36:23.211160,156.66,12.15,27.27,0.0394
2025-05-29T16:36:23.221920,148.66,12.45,29.38,0.0316
2025-05-29T16:36:23.236148,159.15,11.54,27.91,0.021
2025-05-29T16:36:23.247187,155.97,12.38,25.13,0.0306
2025-05-29T16:36:23.258275,141.16,11.68,32.3,0.0491
2025-05-29T16:36:23.269885,159.01,11.8,29.72,0.0485
2025-05-29T16:36:23.280425,154.52,11.72,30.91,0.0497
2025-05-29T16:36:23.291258,155.21,11.95,25.42,0.0348
2025-05-29T16:36:23.307227,151.39,11.95,30.38,0.0497
2025-05-29T16:36:23.318326,140.11,12.34,34.22,0.0336
2025-05-29T16:36:23.329074,159.64,12.22,32.61,0.0213
2025-05-29T16:36:23.339809,144.16,11.73,25.42,0.0403
2025-05-29T16:36:23.350597,140.59,11.5,34.04,0.0238
2025-05-29T16:36:23.361530,146.73,11.51,28.19,0.0491
2025-05-29T16:36:23.372385,147.42,12.45,32.66,0.0289
2025-05-29T16:36:23.386503,156.52,11.6,27.09,0.0222
2025-05-29T16:36:23.397394,141.08,11.55,32.83,0.022
2025-05-29T16:36:23.408234,151.17,12.01,27.12,0.0487
2025-05-29T16:36:23.418965,145.01,11.61,32.44,0.0477
2025-05-29T16:36:23.429455,154.04,12.18,26.59,0.0303
2025-05-29T16:36:23.440049,143.68,12.13,25.14,0.0415
2025-05-29T16:36:23.451612,145.76,12.07,33.14,0.0402
2025-05-29T16:36:23.462053,154.1,12.18,28.07,0.034
2025-05-29T16:36:23.475506,158.66,11.97,32.22,0.0478
2025-05-29T16:36:23.486970,153.51,11.67,30.85,0.0334
2025-05-29T16:36:23.497235,151.59,11.84,25.38,0.0448
2025-05-29T16:36:23.507895,142.83,11.96,32.62,0.0323
2025-05-29T16:36:23.518124,140.76,11.62,30.91,0.0419
2025-05-29T16:36:23.528427,155.1,12.47,27.11,0.0365
2025-05-29T16:36:23.538769,149.52,12.28,26.37,0.0303
2025-05-29T16:36:23.549851,154.05,12.43,34.14,0.0333
2025-05-29T16:36:23.560348,145.76,11.78,33.82,0.036
2025-05-29T16:36:23.571199,145.69,12.05,29.95,0.0416
2025-05-29T16:36:23.582395,144.46,12.26,30.28,0.038
2025-05-29T16:36:23.593284,149.54,12.12,26.1,0.0286
2025-05-29T16:36:23.607165,156.04,11.79,32.13,0.0421
2025-05-29T16:36:23.618101,150.68,12.05,25.96,0.0489
2025-05-29T16:36:23.628876,152.3,12.4,27.22,0.0371
2025-05-29T16:36:23.639694,153.75,12.01,31.23,0.0438
2025-05-29T16:36:23.650130,146.63,12.24,30.05,0.0439
2025-05-29T16:36:23.661135,155.64,11.59,29.41,0.0498
2025-05-29T16:36:23.672039,150.1,12.12,26.52,0.02
2025-05-29T16:36:23.684995,159.14,11.98,31.22,0.0494
2025-05-29T16:36:23.695470,142.01,11.62,28.96,0.0386
2025-05-29T16:36:23.706189,141.65,12.3,27.93,0.0417
2025-05-29T16:36:23.717155,153.65,12.09,29.11,0.0222
2025-05-29T16:36:23.727983,140.52,12.08,31.31,0.044
2025-05-29T16:36:23.738566,144.71,12.28,29.49,0.0276
2025-05-29T16:36:23.749199,143.24,11.82,30.81,0.0385
2025-05-29T16:36:23.759821,146.51,12.2,31.16,0.0455
2025-05-29T16:36:23.770583,145.44,12.17,34.91,0.045
2025-05-29T16:36:23.781695,141.03,11.8,29.8,0.0383
2025-05-29T16:36:23.792511,140.54,11.57,27.68,0.0225
2025-05-29T16:36:23.807060,143.04,12.01,29.1,0.0317
2025-05-29T16:36:23.817683,145.47,11.56,27.74,0.0481
2025-05-29T16:36:23.828205,152.39,11.71,32.96,0.0305
2025-05-29T16:36:23.838733,144.89,11.87,34.15,0.0455
2025-05-29T16:36:23.849742,151.25,11.87,25.57,0.0285
2025-05-29T16:36:23.860193,144.03,12.05,29.98,0.0275
2025-05-29T16:36:23.870498,140.13,12.34,25.62,0.0393
2025-05-29T16:36:23.881085,148.13,12.15,31.79,0.0454
2025-05-29T16:36:23.892078,142.14,11.8,34.59,0.0215
2025-05-29T16:36:23.905063,148.97,12.13,25.86,0.0306
2025-05-29T16:36:23.916409,149.16,12.04,31.5,0.0385
2025-05-29T16:36:23.927391,149.52,11.92,31.31,0.0271
2025-05-29T16:36:23.941525,151.76,12.22,29.61,0.0302
2025-05-29T16:36:23.952571,152.35,12.11,34.86,0.0287
2025-05-29T16:36:23.963175,142.29,11.92,34.55,0.043
2025-05-29T16:36:23.973721,158.02,12.35,28.72,0.0422
2025-05-29T16:36:23.984627,142.71,12.46,33.96,0.0485
2025-05-29T16:36:23.995435,150.2,12.02,32.06,0.0382
2025-05-29T16:36:24.006222,145.49,12.0,31.27,0.0266
2025-05-29T16:36:24.016901,150.97,12.19,32.05,0.0277
2025-05-29T16:36:24.027646,152.88,11.62,32.78,0.0371
2025-05-29T16:36:24.038235,155.43,12.13,29.13,0.0281
2025-05-29T16:36:24.048894,157.47,11.74,29.31,0.0416
2025-05-29T16:36:24.059815,143.51,12.27,29.52,0.0288
2025-05-29T16:36:24.070347,143.93,12.34,27.23,0.0448
2025-05-29T16:36:24.081229,155.27,12.29,27.43,0.0436
2025-05-29T16:36:24.092091,148.21,11.76,30.71,0.0268
2025-05-29T16:36:24.105767,158.88,11.64,26.56,0.021
2025-05-29T16:36:24.116608,156.68,12.45,30.41,0.0207
2025-05-29T16:36:24.127471,159.07,11.86,27.15,0.0283
2025-05-29T16:36:24.138065,148.15,11.8,27.97,0.0479
2025-05-29T16:36:24.148708,150.52,12.36,31.26,0.0292
2025-05-29T16:36:24.159972,146.19,12.14,34.66,0.046
2025-05-29T16:36:24.170468,155.9,11.89,26.14,0.0245
2025-05-29T16:36:24.181554,146.45,11.89,33.86,0.0223
2025-05-29T16:36:24.192575,155.81,12.32,33.62,0.025
2025-05-29T16:36:24.203309,140.67,11.52,26.32,0.0209
2025-05-29T16:36:24.213886,152.08,12.32,32.63,0.0304
2025-05-29T16:36:24.224529,151.81,12.16,28.63,0.0388
2025-05-29T16:36:24.235105,150.24,12.18,31.7,0.0252
2025-05-29T16:36:24.248158,141.7,11.61,34.86,0.0423
2025-05-29T16:36:24.259163,154.65,11.76,32.93,0.0351
2025-05-29T16:36:24.269852,149.38,12.49,31.99,0.0336
2025-05-29T16:36:24.280697,149.99,11.98,30.13,0.0373
2025-05-29T16:36:24.291684,156.22,11.53,29.06,0.0441
2025-05-29T16:36:24.302418,141.09,11.52,25.11,0.0202
2025-05-29T16:36:24.313132,156.69,12.45,30.9,0.0323
2025-05-29T16:36:24.327743,158.72,11.95,34.32,0.0304
2025-05-29T16:36:24.338327,159.71,11.7,33.8,0.0299
2025-05-29T16:36:24.349027,147.02,12.21,29.26,0.0326
2025-05-29T16:36:24.359691,156.24,11.98,28.95,0.0386
2025-05-29T16:36:24.370404,142.34,11.7,26.6,0.0321
2025-05-29T16:36:24.380788,156.62,12.37,26.94,0.037
2025-05-29T16:36:24.391468,149.9,12.0,25.79,0.0293
2025-05-29T16:36:24.402179,150.11,12.35,26.13,0.0241
2025-05-29T16:36:24.412620,146.81,11.51,33.51,0.0477
2025-05-29T16:36:24.427230,147.2,12.36,29.7,0.0282
2025-05-29T16:36:24.438214,157.11,12.04,25.07,0.0339
2025-05-29T16:36:24.448543,156.93,12.18,28.71,0.0362
2025-05-29T16:36:24.459309,146.22,11.7,34.28,0.0433
2025-05-29T16:36:24.471368,143.47,11.79,25.25,0.0448
2025-05-29T16:36:24.481819,146.93,11.92,27.69,0.0489
2025-05-29T16:36:24.492222,145.26,12.33,32.98,0.0248
2025-05-29T16:36:24.503268,147.41,12.17,34.09,0.0496
2025-05-29T16:36:24.513880,148.22,12.25,29.64,0.0202
2025-05-29T16:36:24.524139,149.17,12.21,28.64,0.0234
2025-05-29T16:36:24.534887,146.22,12.08,33.59,0.0387
2025-05-29T16:36:24.545778,140.76,12.28,32.8,0.0382
2025-05-29T16:36:24.556217,152.4,11.81,34.1,0.0373
2025-05-29T16:36:24.566771,149.4,12.4,29.49,0.0478
2025-05-29T16:36:24.577391,154.27,11.88,27.17,0.0293
2025-05-29T16:36:24.588209,155.08,11.6,34.85,0.0406
2025-05-29T16:36:24.598745,153.02,12.32,30.51,0.0434
2025-05-29T16:36:24.609375,147.64,11.71,34.85,0.0336
2025-05-29T16:36:24.620243,158.1,11.72,33.88,0.0348
2025-05-29T16:36:24.630665,156.08,11.96,30.45,0.0435
2025-05-29T16:36:24.641628,157.63,11.61,25.37,0.0458
2025-05-29T16:36:24.652757,156.19,11.67,25.96,0.0388
2025-05-29T16:36:24.664122,144.26,12.26,25.07,0.0206
2025-05-29T16:36:24.674993,149.45,11.83,28.52,0.0366
2025-05-29T16:36:24.685566,149.17,12.27,30.28,0.0248
2025-05-29T16:36:24.696218,152.47,12.03,25.15,0.0228
2025-05-29T16:36:24.706952,155.66,12.32,31.52,0.0313
2025-05-29T16:36:24.717599,145.69,11.54,33.14,0.0259
2025-05-29T16:36:24.728205,144.47,11.62,33.75,0.044
2025-05-29T16:36:24.738973,145.95,11.65,25.19,0.0454
2025-05-29T16:36:24.749495,145.98,12.26,27.22,0.0481
2025-05-29T16:36:24.760097,152.53,12.41,29.41,0.0412
2025-05-29T16:36:24.771278,157.66,12.11,26.83,0.0259
2025-05-29T16:36:24.781898,142.62,11.94,26.14,0.0387
2025-05-29T16:36:24.792656,144.87,11.78,30.18,0.0205
2025-05-29T16:36:24.805718,142.51,11.85,30.07,0.0404
2025-05-29T16:36:24.816730,146.8,12.47,33.75,0.0445
2025-05-29T16:36:24.827063,150.75,11.66,27.62,0.0387
2025-05-29T16:36:24.838231,151.64,12.2,28.81,0.0205
2025-05-29T16:36:24.848820,152.64,12.07,32.72,0.0406
2025-05-29T16:36:24.859358,143.27,12.44,30.42,0.046
2025-05-29T16:36:24.869854,144.01,12.27,33.27,0.0466
2025-05-29T16:36:24.880383,140.42,11.88,28.05,0.0384
2025-05-29T16:36:24.891333,151.97,11.75,28.89,0.0402
2025-05-29T16:36:24.902005,157.87,11.83,31.83,0.0313
2025-05-29T16:36:24.912607,145.04,12.16,34.09,0.0318
2025-05-29T16:36:24.923251,141.17,11.76,25.48,0.0229
2025-05-29T16:36:24.933888,144.85,12.02,25.47,0.0303
2025-05-29T16:36:24.944791,153.54,11.86,31.7,0.037
2025-05-29T16:36:24.955582,147.36,11.52,29.29,0.0311
2025-05-29T16:36:24.966428,150.35,11.89,26.05,0.0269
2025-05-29T16:36:24.977082,150.44,11.59,29.25,0.0489
2025-05-29T16:36:24.987616,143.0,12.26,27.46,0.0331
2025-05-29T16:36:24.997965,155.99,12.07,29.87,0.0274
2025-05-29T16:36:25.008183,140.76,12.32,33.53,0.045
2025-05-29T16:36:25.018593,157.75,12.15,29.35,0.0362
2025-05-29T16:36:25.029182,147.41,12.03,29.03,0.0342
2025-05-29T16:36:25.039662,157.73,12.03,33.41,0.0241
2025-05-29T16:36:25.050000,153.53,11.74,33.65,0.0391
2025-05-29T16:36:25.060554,152.44,11.92,28.59,0.0345
2025-05-29T16:36:25.071353,143.94,11.66,28.9,0.05
2025-05-29T16:36:25.082565,142.62,12.43,32.6,0.0482
2025-05-29T16:36:25.095619,145.81,12.28,27.81,0.0431
2025-05-29T16:36:25.106311,159.04,12.0,27.66,0.0226
2025-05-29T16:36:25.117148,157.25,12.37,32.92,0.0313
2025-05-29T16:36:25.132183,143.89,11.62,34.55,0.0408
2025-05-29T16:36:25.143372,151.08,12.23,27.76,0.0481
2025-05-29T16:36:25.154147,141.16,11.52,34.4,0.0332
2025-05-29T16:36:25.165512,151.01,12.36,26.07,0.0244
2025-05-29T16:36:25.176925,148.31,11.59,31.35,0.0246
2025-05-29T16:36:25.187304,149.68,11.79,31.98,0.0314
2025-05-29T16:36:25.199972,157.38,11.9,28.94,0.0224
2025-05-29T16:36:25.211115,159.77,11.81,30.23,0.0383
2025-05-29T16:36:25.221725,140.77,12.33,31.98,0.0296
2025-05-29T16:36:25.232147,149.46,12.36,26.35,0.0285
2025-05-29T16:36:25.242493,155.46,12.05,30.67,0.0424
2025-05-29T16:36:25.253031,147.4,11.85,34.21,0.0214
2025-05-29T16:36:25.263585,150.39,11.68,28.22,0.0206
2025-05-29T16:36:25.274360,141.89,12.42,25.33,0.0374
2025-05-29T16:36:25.284930,145.08,12.18,30.85,0.0477
2025-05-29T16:36:25.295216,158.46,12.08,26.86,0.0453
2025-05-29T16:36:25.306147,159.36,11.98,31.94,0.0415
2025-05-29T16:36:25.316886,157.72,12.46,27.88,0.0205
2025-05-29T16:36:25.327468,148.51,12.41,27.46,0.0353
2025-05-29T16:36:25.339564,156.67,12.48,25.05,0.0434
2025-05-29T16:36:25.350141,150.13,12.1,30.6,0.0314
2025-05-29T16:36:25.360790,146.25,11.8,29.8,0.0272
2025-05-29T16:36:25.371646,157.58,12.27,31.95,0.0217
2025-05-29T16:36:25.385601,152.16,11.85,28.26,0.0328
2025-05-29T16:36:25.396422,158.21,11.87,26.24,0.0214
2025-05-29T16:36:25.406959,149.75,12.18,29.39,0.0266
2025-05-29T16:36:25.417958,155.56,11.68,26.17,0.0472
2025-05-29T16:36:25.428664,146.44,11.72,32.57,0.0277
2025-05-29T16:36:25.439495,141.62,11.88,30.53,0.0296
2025-05-29T16:36:25.451627,158.47,11.77,31.55,0.04
2025-05-29T16:36:25.462399,149.09,11.52,34.55,0.0448
2025-05-29T16:36:25.473296,146.84,12.46,29.3,0.029
2025-05-29T16:36:25.484110,147.11,12.04,29.76,0.0351
2025-05-29T16:36:25.494900,153.54,11.88,32.69,0.0462
2025-05-29T16:36:25.505882,159.18,11.94,30.05,0.0355
2025-05-29T16:36:25.516249,154.82,12.28,28.19,0.0401
2025-05-29T16:36:25.527249,141.02,12.36,32.58,0.0471
2025-05-29T16:36:25.537742,147.38,11.64,25.18,0.0417
2025-05-29T16:36:25.548378,148.73,12.16,27.89,0.0381
2025-05-29T16:36:25.559032,140.51,12.02,26.18,0.0246
2025-05-29T16:36:25.569851,148.29,12.11,28.77,0.0215
2025-05-29T16:36:25.580681,146.77,11.52,31.11,0.0369
2025-05-29T16:36:25.591372,141.69,11.93,28.75,0.0421
2025-05-29T16:36:25.601990,156.39,12.5,31.61,0.0406
2025-05-29T16:36:25.616367,141.72,12.06,31.04,0.0497
2025-05-29T16:36:25.626842,152.0,11.74,26.78,0.0465
2025-05-29T16:36:25.637423,155.97,12.41,31.51,0.0482
2025-05-29T16:36:25.648172,140.6,11.64,29.07,0.0259
2025-05-29T16:36:25.658775,149.77,11.87,25.26,0.0237
2025-05-29T16:36:25.669178,143.52,12.41,30.63,0.0399
2025-05-29T16:36:25.679820,143.9,12.06,34.15,0.0469
2025-05-29T16:36:25.690159,153.92,12.38,26.36,0.0385
2025-05-29T16:36:25.700653,146.49,12.2,33.66,0.0223
2025-05-29T16:36:25.711784,149.97,11.57,26.85,0.0488
2025-05-29T16:36:25.722354,149.58,11.61,33.59,0.037
2025-05-29T16:36:25.733413,149.7,12.23,33.17,0.0495
2025-05-29T16:36:25.746142,150.03,11.59,27.99,0.042
2025-05-29T16:36:25.756712,149.02,12.12,28.01,0.0399
2025-05-29T16:36:25.767273,143.19,12.4,30.62,0.0228
2025-05-29T16:36:25.778240,148.18,12.24,30.8,0.0399
2025-05-29T16:36:25.788810,156.06,11.97,32.38,0.0328
2025-05-29T16:36:25.799463,141.87,12.44,25.5,0.0426
2025-05-29T16:36:25.810001,142.59,11.59,25.93,0.0337
2025-05-29T16:36:25.820636,148.45,12.31,34.97,0.0473
2025-05-29T16:36:25.831257,154.31,11.96,25.64,0.0418
2025-05-29T16:36:25.842678,148.01,12.28,28.56,0.0275
2025-05-29T16:36:25.856832,149.65,11.64,32.52,0.0377
2025-05-29T16:36:25.867769,143.96,11.88,30.03,0.0489
2025-05-29T16:36:25.878448,147.58,12.42,31.78,0.0393
2025-05-29T16:36:25.889086,156.78,12.35,28.58,0.0423
2025-05-29T16:36:25.899691,146.23,12.37,32.65,0.0429
2025-05-29T16:36:25.910477,155.63,12.17,26.24,0.0229
2025-05-29T16:36:25.921824,144.41,12.07,31.05,0.0422
2025-05-29T16:36:25.932412,158.5,12.29,28.67,0.0415
2025-05-29T16:36:25.943154,155.79,11.83,29.85,0.0275
2025-05-29T16:36:25.955795,151.88,11.7,29.68,0.0225
2025-05-29T16:36:25.966637,140.38,12.02,33.96,0.0473
2025-05-29T16:36:25.978893,145.8,12.37,29.66,0.0459
2025-05-29T16:36:25.989634,157.6,11.92,32.97,0.048
2025-05-29T16:36:26.000171,147.38,12.31,29.15,0.0357
2025-05-29T16:36:26.010806,155.51,11.61,27.67,0.0477
2025-05-29T16:36:26.021822,152.31,12.21,34.51,0.0265
2025-05-29T16:36:26.033205,146.83,12.41,28.21,0.0414
2025-05-29T16:36:26.043895,154.1,12.17,27.16,0.0323
2025-05-29T16:36:26.054707,142.19,12.1,28.1,0.046
2025-05-29T16:36:26.065590,150.21,11.55,28.92,0.0208
2025-05-29T16:36:26.076326,145.53,12.16,29.98,0.0366
2025-05-29T16:36:26.087213,141.98,12.18,26.51,0.031
2025-05-29T16:36:26.097994,148.96,12.01,31.62,0.0362
2025-05-29T16:36:26.108831,146.59,11.74,30.27,0.0248
2025-05-29T16:36:26.119277,157.38,11.86,32.52,0.0457
2025-05-29T16:36:26.129874,152.51,11.59,26.74,0.029
2025-05-29T16:36:26.140362,145.16,12.43,31.68,0.0306
2025-05-29T16:36:26.151328,156.94,11.84,26.27,0.0455
2025-05-29T16:36:26.162064,147.07,11.72,25.82,0.0242
2025-05-29T16:36:26.173000,152.81,11.94,25.34,0.0439
2025-05-29T16:36:26.183675,148.71,11.84,33.84,0.0357
2025-05-29T16:36:26.194350,153.59,12.48,33.76,0.027
2025-05-29T16:36:26.204734,155.23,11.65,32.94,0.0364
2025-05-29T16:36:26.215549,146.23,12.38,25.57,0.0488
2025-05-29T16:36:26.226665,151.31,11.6,27.77,0.0335
2025-05-29T16:36:26.237581,144.8,11.76,25.61,0.0294
2025-05-29T16:36:26.248095,149.74,11.87,28.52,0.0349
2025-05-29T16:36:26.259245,158.24,11.59,26.13,0.0332
2025-05-29T16:36:26.270045,157.82,12.25,26.55,0.0471
2025-05-29T16:36:26.280786,155.15,12.43,33.16,0.032
2025-05-29T16:36:26.291280,150.59,12.41,26.65,0.0252
2025-05-29T16:36:26.301853,157.66,11.84,25.4,0.0384
2025-05-29T16:36:26.312488,154.13,12.0,29.27,0.0201
2025-05-29T16:36:26.323340,143.79,12.01,32.77,0.0235
2025-05-29T16:36:26.336458,150.68,12.09,27.01,0.0397
2025-05-29T16:36:26.347154,149.07,12.38,30.45,0.0253
2025-05-29T16:36:26.358233,150.07,11.7,28.77,0.0483
2025-05-29T16:36:26.368630,141.08,12.28,31.68,0.0256
2025-05-29T16:36:26.379031,148.13,12.13,33.39,0.0326
2025-05-29T16:36:26.390312,143.72,11.7,34.63,0.0251
2025-05-29T16:36:26.400712,153.35,11.98,30.05,0.024
2025-05-29T16:36:26.411623,156.11,11.6,32.41,0.0444
2025-05-29T16:36:26.425779,142.6,11.9,34.36,0.0336
2025-05-29T16:36:26.436644,143.67,12.2,30.42,0.0299
2025-05-29T16:36:26.447111,141.77,12.39,31.19,0.0394
2025-05-29T16:36:26.457621,152.71,11.53,30.18,0.0404
2025-05-29T16:36:26.468522,156.17,12.03,31.4,0.0453
2025-05-29T16:36:26.479063,151.26,11.62,32.01,0.0247
2025-05-29T16:36:26.490184,148.03,12.34,33.01,0.0343
2025-05-29T16:36:26.501012,151.72,11.63,33.45,0.0462
2025-05-29T16:36:26.511741,145.48,12.2,27.38,0.0426
2025-05-29T16:36:26.522783,146.26,12.03,28.04,0.0254
2025-05-29T16:36:26.536770,141.98,11.8,26.84,0.0313
2025-05-29T16:36:26.547383,142.7,12.22,26.79,0.0203
2025-05-29T16:36:26.557910,149.51,11.85,33.62,0.0225
2025-05-29T16:36:26.568862,146.98,12.15,31.89,0.0467
2025-05-29T16:36:26.579683,146.31,12.02,29.15,0.0274
2025-05-29T16:36:26.590273,141.71,11.68,27.46,0.05
2025-05-29T16:36:26.602061,140.16,11.92,28.76,0.0244
2025-05-29T16:36:26.616419,158.23,11.51,27.17,0.0234
2025-05-29T16:36:26.626951,154.48,11.74,32.38,0.0407
2025-05-29T16:36:26.637698,152.88,11.63,32.05,0.0222
2025-05-29T16:36:26.649277,154.99,11.62,30.22,0.0409
2025-05-29T16:36:26.659907,150.59,12.35,25.82,0.0264
2025-05-29T16:36:26.670641,151.83,11.52,32.44,0.0337
2025-05-29T16:36:26.681463,148.07,12.23,34.26,0.0372
2025-05-29T16:36:26.692248,155.49,12.08,25.6,0.0391
2025-05-29T16:36:26.702811,154.49,12.44,25.65,0.0398
2025-05-29T16:36:26.715680,142.89,12.08,30.58,0.0227
2025-05-29T16:36:26.726795,142.73,11.85,27.31,0.026
2025-05-29T16:36:26.737582,158.86,12.24,32.17,0.0412
2025-05-29T16:36:26.748308,140.57,12.0,25.18,0.04
2025-05-29T16:36:26.758779,148.8,12.2,33.4,0.0408
2025-05-29T16:36:26.769645,148.56,11.64,25.67,0.03
2025-05-29T16:36:26.780591,155.03,12.19,31.09,0.0267
2025-05-29T16:36:26.791062,144.69,11.77,29.75,0.0492
2025-05-29T16:36:26.801839,157.69,12.44,27.91,0.0257
2025-05-29T16:36:26.812448,153.51,12.38,30.39,0.0307
2025-05-29T16:36:26.823094,157.56,12.33,26.38,0.0273
2025-05-29T16:36:26.834566,155.89,12.2,30.68,0.0287
2025-05-29T16:36:26.845111,142.41,12.4,31.61,0.0322
2025-05-29T16:36:26.856288,154.13,11.65,28.1,0.0407
2025-05-29T16:36:26.867120,145.21,12.05,26.71,0.0447
2025-05-29T16:36:26.877796,154.7,12.39,31.21,0.0309
2025-05-29T16:36:26.888818,148.68,11.95,32.07,0.0333
2025-05-29T16:36:26.899611,143.84,12.28,25.52,0.032
2025-05-29T16:36:26.909914,159.62,12.05,32.26,0.0231
2025-05-29T16:36:26.920379,153.6,12.34,31.86,0.0372
2025-05-29T16:36:26.931122,155.56,11.71,27.18,0.0345
2025-05-29T16:36:26.941530,158.65,11.62,27.47,0.0466
2025-05-29T16:36:26.952374,153.2,12.19,28.46,0.0237
2025-05-29T16:36:26.963190,154.86,11.68,25.25,0.0466
2025-05-29T16:36:26.974245,146.78,12.35,27.5,0.0259
2025-05-29T16:36:26.985524,146.4,11.63,33.36,0.0471
2025-05-29T16:36:26.996127,157.22,11.63,32.1,0.0288
2025-05-29T16:36:27.006701,148.88,11.74,26.16,0.0311
2025-05-29T16:36:27.017332,140.04,12.39,28.22,0.0449
2025-05-29T16:36:27.028100,149.25,12.0,34.03,0.027
2025-05-29T16:36:27.038679,151.76,12.2,28.06,0.0489
2025-05-29T16:36:27.049317,150.19,12.18,33.96,0.0383
2025-05-29T16:36:27.059739,140.97,12.3,29.08,0.0332
2025-05-29T16:36:27.070247,146.15,11.79,30.77,0.0266
2025-05-29T16:36:27.081019,149.76,11.81,26.11,0.0276
2025-05-29T16:36:27.091941,146.81,11.58,27.2,0.0427
2025-05-29T16:36:27.102705,146.07,12.24,30.38,0.0491
2025-05-29T16:36:27.113629,149.73,11.94,33.62,0.0326
2025-05-29T16:36:27.124616,141.55,11.77,26.44,0.0428
2025-05-29T16:36:27.135384,146.52,11.51,28.12,0.0385
2025-05-29T16:36:27.146177,157.64,11.81,32.93,0.0417
2025-05-29T16:36:27.159345,147.07,11.82,29.34,0.0233
2025-05-29T16:36:27.170011,142.92,11.97,25.52,0.0397
2025-05-29T16:36:27.180541,140.87,12.49,31.84,0.0379
2025-05-29T16:36:27.191300,146.7,11.55,28.86,0.0227
2025-05-29T16:36:27.202168,141.84,11.74,29.26,0.0341
2025-05-29T16:36:27.212984,150.27,11.62,25.8,0.0348
2025-05-29T16:36:27.225315,146.46,11.68,27.81,0.0319
2025-05-29T16:36:27.235708,146.07,11.83,33.65,0.043
2025-05-29T16:36:27.246553,140.54,12.34,32.63,0.0207
2025-05-29T16:36:27.257416,159.85,11.66,29.45,0.0374
2025-05-29T16:36:27.268359,149.18,11.74,30.4,0.0446
2025-05-29T16:36:27.279172,146.02,12.27,25.46,0.0377
2025-05-29T16:36:27.289672,158.27,11.55,32.68,0.0458
2025-05-29T16:36:27.300296,144.87,11.63,32.85,0.0427
2025-05-29T16:36:27.311222,152.82,12.14,26.32,0.032
2025-05-29T16:36:27.321948,155.7,11.62,34.75,0.0439
2025-05-29T16:36:27.332902,146.68,12.48,28.71,0.0357
2025-05-29T16:36:27.343815,159.59,11.76,32.61,0.0369
2025-05-29T16:36:27.354498,155.24,12.26,31.92,0.0221
2025-05-29T16:36:27.365338,159.12,12.17,25.88,0.0359
2025-05-29T16:36:27.376347,149.6,12.31,30.76,0.0439
2025-05-29T16:36:27.387415,143.39,11.93,32.31,0.0374
2025-05-29T16:36:27.398060,152.47,12.2,34.62,0.0203
2025-05-29T16:36:27.408644,149.23,12.04,27.27,0.0382
2025-05-29T16:36:27.419410,155.99,11.99,32.75,0.03
2025-05-29T16:36:27.430088,149.08,12.28,32.19,0.0206
2025-05-29T16:36:27.440699,150.17,12.49,26.79,0.0261
2025-05-29T16:36:27.451004,155.97,12.33,33.58,0.0293
2025-05-29T16:36:27.461874,154.01,12.28,28.28,0.0211
2025-05-29T16:36:27.475021,151.32,12.04,26.4,0.0269
2025-05-29T16:36:27.486647,147.71,12.28,30.91,0.0456
2025-05-29T16:36:27.497124,148.88,11.85,33.23,0.0444
2025-05-29T16:36:27.508099,159.62,11.7,28.73,0.0348
2025-05-29T16:36:27.518989,159.65,12.34,30.34,0.0229
2025-05-29T16:36:27.529829,148.94,11.85,27.42,0.04
2025-05-29T16:36:27.541235,146.04,11.53,29.53,0.0399
2025-05-29T16:36:27.551973,141.29,12.43,34.36,0.0293
2025-05-29T16:36:27.562835,147.78,12.3,30.95,0.026
2025-05-29T16:36:27.573730,155.82,12.21,26.54,0.022
2025-05-29T16:36:27.584725,150.42,12.12,25.95,0.0284
2025-05-29T16:36:27.595772,156.69,11.62,31.18,0.0451
2025-05-29T16:36:27.606878,150.86,12.15,27.43,0.0442
2025-05-29T16:36:27.617256,150.83,11.97,28.68,0.0459
2025-05-29T16:36:27.627689,150.36,11.56,30.67,0.0472
2025-05-29T16:36:27.638353,140.83,12.23,33.35,0.0489
2025-05-29T16:36:27.649180,145.46,11.62,29.31,0.0373
2025-05-29T16:36:27.659871,157.19,11.57,26.4,0.0229
2025-05-29T16:36:27.670281,156.98,12.28,26.06,0.0381
2025-05-29T16:36:27.681009,150.05,11.66,28.05,0.0374
2025-05-29T16:36:27.691562,154.97,12.19,27.39,0.0383
2025-05-29T16:36:27.702215,158.69,12.3,30.43,0.0486
2025-05-29T16:36:27.717003,158.29,12.45,26.22,0.0362
2025-05-29T16:36:27.728102,144.94,11.65,33.4,0.023
2025-05-29T16:36:27.738776,148.09,12.05,32.0,0.0383
2025-05-29T16:36:27.749145,157.21,12.3,29.21,0.0406
2025-05-29T16:36:27.759906,147.28,11.92,26.77,0.0434
2025-05-29T16:36:27.770211,143.46,11.92,32.6,0.0277
2025-05-29T16:36:27.780867,149.99,11.58,31.44,0.0219
2025-05-29T16:36:27.792337,145.7,12.48,27.9,0.0278
2025-05-29T16:36:27.803018,150.2,12.17,33.82,0.0258
2025-05-29T16:36:27.813888,147.42,11.8,28.51,0.0384
2025-05-29T16:36:27.825393,157.2,12.46,31.93,0.0463
2025-05-29T16:36:27.837106,142.93,12.03,33.82,0.0346
2025-05-29T16:36:27.847491,154.42,11.59,30.04,0.033
2025-05-29T16:36:27.858541,159.78,11.72,30.43,0.0468
2025-05-29T16:36:27.868837,157.13,11.55,34.41,0.0246
2025-05-29T16:36:27.880137,140.35,11.94,33.71,0.0221
2025-05-29T16:36:27.891115,148.57,11.65,31.17,0.0339
2025-05-29T16:36:27.902087,151.36,11.58,34.5,0.0456
2025-05-29T16:36:27.912512,155.41,11.58,29.21,0.0306
2025-05-29T16:36:27.925539,146.69,11.74,33.14,0.032
2025-05-29T16:36:27.936375,155.58,11.51,28.7,0.0383
2025-05-29T16:36:27.949165,141.59,11.69,26.48,0.0465
2025-05-29T16:36:27.960103,150.15,12.26,33.57,0.0249
2025-05-29T16:36:27.970595,157.99,11.63,31.37,0.0365
2025-05-29T16:36:27.981288,143.91,11.59,29.43,0.0279
2025-05-29T16:36:27.991858,146.19,12.39,32.68,0.0445
2025-05-29T16:36:28.002605,148.03,12.12,27.52,0.0238
2025-05-29T16:36:28.013206,146.12,12.12,28.32,0.0332
2025-05-29T16:36:28.024246,150.63,12.4,32.04,0.0362
2025-05-29T16:36:28.034860,152.57,11.61,32.22,0.0484
2025-05-29T16:36:28.045553,152.92,12.14,31.08,0.0213
2025-05-29T16:36:28.056169,146.18,11.71,31.9,0.0475
2025-05-29T16:36:28.066799,149.01,12.28,26.28,0.0227
2025-05-29T16:36:28.077507,157.01,12.34,32.78,0.0349
2025-05-29T16:36:28.088233,142.28,12.07,31.69,0.0383
2025-05-29T16:36:28.098917,149.05,12.5,31.92,0.0268
2025-05-29T16:36:28.109592,140.21,11.63,31.05,0.0326
2025-05-29T16:36:28.120053,157.29,11.81,29.74,0.0358
2025-05-29T16:36:28.130895,146.73,12.28,28.89,0.0259
2025-05-29T16:36:28.141335,146.27,11.82,26.95,0.0285
2025-05-29T16:36:28.152003,157.88,11.71,26.48,0.0245
2025-05-29T16:36:28.165785,149.61,12.13,27.9,0.0207
2025-05-29T16:36:28.176331,149.96,11.65,32.15,0.0216
2025-05-29T16:36:28.187696,152.07,12.0,30.88,0.0288
2025-05-29T16:36:28.198591,149.89,12.24,29.66,0.0419
2025-05-29T16:36:28.209217,153.34,12.43,27.85,0.0214
2025-05-29T16:36:28.219927,143.95,11.76,32.15,0.049
2025-05-29T16:36:28.230664,158.14,12.09,25.53,0.0255
2025-05-29T16:36:28.241305,152.75,11.65,34.02,0.0214
2025-05-29T16:36:28.252078,157.63,12.36,25.29,0.0265
2025-05-29T16:36:28.266205,158.75,11.52,25.34,0.0288
2025-05-29T16:36:28.277234,156.31,11.51,31.78,0.0255
2025-05-29T16:36:28.287777,158.55,12.49,31.95,0.0232
2025-05-29T16:36:28.298333,147.64,11.76,27.72,0.0441
2025-05-29T16:36:28.308732,153.33,11.86,29.79,0.0419
2025-05-29T16:36:28.319410,156.66,12.23,30.3,0.0349
2025-05-29T16:36:28.329940,144.03,12.41,29.66,0.0472
2025-05-29T16:36:28.340695,143.17,12.29,31.34,0.0267
2025-05-29T16:36:28.351242,140.53,12.42,27.95,0.0308
2025-05-29T16:36:28.361791,149.36,11.76,27.33,0.0325
2025-05-29T16:36:28.372237,155.0,12.04,30.95,0.0379
2025-05-29T16:36:28.383018,153.54,11.95,34.97,0.0225
2025-05-29T16:36:28.397647,140.74,12.04,34.67,0.0234
2025-05-29T16:36:28.408214,155.71,12.36,26.43,0.0206
2025-05-29T16:36:28.419252,144.44,11.65,25.99,0.0276
2025-05-29T16:36:28.430075,144.47,11.92,32.6,0.0403
2025-05-29T16:36:28.440746,157.31,12.1,31.93,0.0213
2025-05-29T16:36:28.451486,156.39,12.5,34.41,0.0344
